DELETE
FROM transaction;
DELETE
FROM account;
DELETE
FROM account_details;
DELETE
FROM condition;
DELETE
FROM currency;

-- Вставка данных в account_details (10 записей)
INSERT INTO account_details
(account_details_id, account_number, bik_bank, bank_name, inn_bank, cor_account_bank, kpp_bank, okpo_bank, ogrn_bank,
 swift_code_bank, update_date, created_date, reason_blocking)
VALUES ('100e4567-e89b-12d3-a456-426614174001', '40817810099910004321', '044525970', 'Otus-Fintech', '7702070117',
        '30101810400000000970', '784253001', '00032538', '1025600132195', 'OTUS RU MM ХХХ', '2023-06-20T14:30:00Z',
        '2023-06-20T14:30:00Z', NULL),
       ('100e4567-e89b-12d3-a456-426614174002', '40817810099910004322', '044525970', 'Otus-Fintech', '7702070117',
        '30101810400000000970', '784253001', '00032538', '1025600132195', 'OTUS RU MM ХХХ', '2023-06-20T14:30:00Z',
        '2023-06-20T14:30:00Z', NULL),
       ('100e4567-e89b-12d3-a456-426614174003', '40817810099910004323', '044525970', 'Otus-Fintech', '7702070117',
        '30101810400000000970', '784253001', '00032538', '1025600132195', 'OTUS RU MM ХХХ', '2023-06-20T14:30:00Z',
        '2023-06-20T14:30:00Z', NULL),
       ('100e4567-e89b-12d3-a456-426614174004', '40817810099910004324', '044525970', 'Otus-Fintech', '7702070117',
        '30101810400000000970', '784253001', '00032538', '1025600132195', 'OTUS RU MM ХХХ', '2023-06-20T14:30:00Z',
        '2023-06-20T14:30:00Z', NULL),
       ('100e4567-e89b-12d3-a456-426614174005', '40817810099910004325', '044525970', 'Otus-Fintech', '7702070117',
        '30101810400000000970', '784253001', '00032538', '1025600132195', 'OTUS RU MM ХХХ', '2023-06-20T14:30:00Z',
        '2023-06-20T14:30:00Z', NULL),
       ('100e4567-e89b-12d3-a456-426614174006', '40817810099910004326', '044525970', 'Otus-Fintech', '7702070117',
        '30101810400000000970', '784253001', '00032538', '1025600132195', 'OTUS RU MM ХХХ', '2023-06-20T14:30:00Z',
        '2023-06-20T14:30:00Z', NULL),
       ('100e4567-e89b-12d3-a456-426614174007', '40817810099910004327', '044525970', 'Otus-Fintech', '7702070117',
        '30101810400000000970', '784253001', '00032538', '1025600132195', 'OTUS RU MM ХХХ', '2023-06-20T14:30:00Z',
        '2023-06-20T14:30:00Z', NULL),
       ('100e4567-e89b-12d3-a456-426614174008', '40817810099910004328', '044525970', 'Otus-Fintech', '7702070117',
        '30101810400000000970', '784253001', '00032538', '1025600132195', 'OTUS RU MM ХХХ', '2023-06-20T14:30:00Z',
        '2023-06-20T14:30:00Z', NULL),
       ('100e4567-e89b-12d3-a456-426614174009', '40817810099910004329', '044525970', 'Otus-Fintech', '7702070117',
        '30101810400000000970', '784253001', '00032538', '1025600132195', 'OTUS RU MM ХХХ', '2023-06-20T14:30:00Z',
        '2023-06-20T14:30:00Z', NULL),
       ('100e4567-e89b-12d3-a456-426614174010', '40817810099910004330', '044525970', 'Otus-Fintech', '7702070117',
        '30101810400000000970', '784253001', '00032538', '1025600132195', 'OTUS RU MM ХХХ', '2023-06-20T14:30:00Z',
        '2023-06-20T14:30:00Z', 'Техническая блокировка');

-- Вставка данных в condition (10 записей)
INSERT INTO condition
(condition_id, account_name, period, percent, is_payoff)
VALUES
    ('111e4567-e89b-12d3-a456-426614174001', 'Основной', 'THREE_MONTHS', 1.23, true),
    ('111e4567-e89b-12d3-a456-426614174002', 'Вспомогательный', 'SIX_MONTHS', 2.25, true),
    ('111e4567-e89b-12d3-a456-426614174003', 'Детский', 'NINE_MONTHS', 3.31, true),
    ('111e4567-e89b-12d3-a456-426614174004', 'Пенсионный', 'FOURTEEN_MONTHS', 4.50, true),
    ('111e4567-e89b-12d3-a456-426614174005', 'Инвестиционный', 'THREE_MONTHS', 5.75, false),
    ('111e4567-e89b-12d3-a456-426614174006', 'Накопительный', 'SIX_MONTHS', 6.25, true),
    ('111e4567-e89b-12d3-a456-426614174007', 'Расчетный', 'NINE_MONTHS', 7.10, true),
    ('111e4567-e89b-12d3-a456-426614174008', 'Кредитный', 'FOURTEEN_MONTHS', 8.90, false),
    ('111e4567-e89b-12d3-a456-426614174009', 'Депозитный', 'THREE_MONTHS', 9.15, true),
    ('111e4567-e89b-12d3-a456-426614174010', 'Зарплатный', 'SIX_MONTHS', 9.50, true);

-- Вставка данных в currency (10 записей) - исправлены значения enum'ов
INSERT INTO currency
    (currency_id, code, type)
VALUES ('211e4567-e89b-12d3-a456-426614174001', 'RUB', 'RUB'),
       ('211e4567-e89b-12d3-a456-426614174002', 'RUB', 'RUB'),
       ('211e4567-e89b-12d3-a456-426614174003', 'RUB', 'RUB'),
       ('211e4567-e89b-12d3-a456-426614174004', 'RUB', 'RUB'),
       ('211e4567-e89b-12d3-a456-426614174005', 'RUB', 'RUB'),
       ('211e4567-e89b-12d3-a456-426614174006', 'RUB', 'RUB'),
       ('211e4567-e89b-12d3-a456-426614174007', 'RUB', 'RUB'),
       ('211e4567-e89b-12d3-a456-426614174008', 'RUB', 'RUB'),
       ('211e4567-e89b-12d3-a456-426614174009', 'RUB', 'RUB'),
       ('211e4567-e89b-12d3-a456-426614174010', 'RUB', 'RUB');

-- Вставка данных в account (10 записей) с client_id из 06-dml-test-data.yml
INSERT INTO account
(account_id, account_details_id, client_id, account_type, current_balance, open_date, close_date, account_status,
 is_master, update_date, conditions_id, currency_id)
VALUES ('311e4567-e89b-12d3-a456-426614174001', '100e4567-e89b-12d3-a456-426614174001',
        'a1b2c3d4-5e6f-4a8b-9c0d-a1b2c3d4e5f6', 'CURRENT', 125000.00,
        '2023-06-20T14:30:00Z', NULL, 'ACTIVE', true, '2023-06-20T14:30:00Z', '111e4567-e89b-12d3-a456-426614174001',
        '211e4567-e89b-12d3-a456-426614174001'),
       ('311e4567-e89b-12d3-a456-426614174002', '100e4567-e89b-12d3-a456-426614174002',
        'b2c3d4e5-6f7a-4b8c-9d0e-b2c3d4e5f6a7', 'CURRENT', 300000.00,
        '2023-06-20T14:30:00Z', NULL, 'ACTIVE', true, '2023-06-20T14:30:00Z', '111e4567-e89b-12d3-a456-426614174002',
        '211e4567-e89b-12d3-a456-426614174002'),
       ('311e4567-e89b-12d3-a456-426614174003', '100e4567-e89b-12d3-a456-426614174003',
        '888e4567-e89b-12d3-a456-426614174001', 'CURRENT', 15000.00,
        '2023-06-20T14:30:00Z', NULL, 'ACTIVE', true, '2023-06-20T14:30:00Z', '111e4567-e89b-12d3-a456-426614174003',
        '211e4567-e89b-12d3-a456-426614174003'),
       ('311e4567-e89b-12d3-a456-426614174004', '100e4567-e89b-12d3-a456-426614174004',
        'a1b2c3d4-5e6f-4a8b-9c0d-a1b2c3d4e5f6', 'SAVING', 50000.00,
        '2023-06-20T14:30:00Z', NULL, 'ACTIVE', false, '2023-06-20T14:30:00Z', '111e4567-e89b-12d3-a456-426614174004',
        '211e4567-e89b-12d3-a456-426614174004'),
       ('311e4567-e89b-12d3-a456-426614174005', '100e4567-e89b-12d3-a456-426614174005',
        'b2c3d4e5-6f7a-4b8c-9d0e-b2c3d4e5f6a7', 'SAVING', 75000.00,
        '2023-06-20T14:30:00Z', NULL, 'ACTIVE', false, '2023-06-20T14:30:00Z', '111e4567-e89b-12d3-a456-426614174005',
        '211e4567-e89b-12d3-a456-426614174005'),
       ('311e4567-e89b-12d3-a456-426614174006', '100e4567-e89b-12d3-a456-426614174006',
        '888e4567-e89b-12d3-a456-426614174001', 'SAVING', 25000.00,
        '2023-06-20T14:30:00Z', NULL, 'ACTIVE', false, '2023-06-20T14:30:00Z', '111e4567-e89b-12d3-a456-426614174006',
        '211e4567-e89b-12d3-a456-426614174006'),
       ('311e4567-e89b-12d3-a456-426614174007', '100e4567-e89b-12d3-a456-426614174007',
        'a1b2c3d4-5e6f-4a8b-9c0d-a1b2c3d4e5f6', 'CURRENT', 180000.00,
        '2023-06-20T14:30:00Z', NULL, 'FROZEN', false, '2023-06-20T14:30:00Z', '111e4567-e89b-12d3-a456-426614174007',
        '211e4567-e89b-12d3-a456-426614174007'),
       ('311e4567-e89b-12d3-a456-426614174008', '100e4567-e89b-12d3-a456-426614174008',
        'b2c3d4e5-6f7a-4b8c-9d0e-b2c3d4e5f6a7', 'CURRENT', 220000.00,
        '2023-06-20T14:30:00Z', NULL, 'ACTIVE', false, '2023-06-20T14:30:00Z', '111e4567-e89b-12d3-a456-426614174008',
        '211e4567-e89b-12d3-a456-426614174008'),
       ('311e4567-e89b-12d3-a456-426614174009', '100e4567-e89b-12d3-a456-426614174009',
        '888e4567-e89b-12d3-a456-426614174001', 'CURRENT', 35000.00,
        '2023-06-20T14:30:00Z', '2024-01-15T10:00:00Z', 'CLOSED', false, '2024-01-15T10:00:00Z',
        '111e4567-e89b-12d3-a456-426614174009',
        '211e4567-e89b-12d3-a456-426614174009'),
       ('311e4567-e89b-12d3-a456-426614174010', '100e4567-e89b-12d3-a456-426614174010',
        'a1b2c3d4-5e6f-4a8b-9c0d-a1b2c3d4e5f6', 'SAVING', 90000.00,
        '2023-06-20T14:30:00Z', NULL, 'ACTIVE', false, '2023-06-20T14:30:00Z', '111e4567-e89b-12d3-a456-426614174010',
        '211e4567-e89b-12d3-a456-426614174010');

-- Вставка данных в transaction (10 записей для демонстрации)
INSERT INTO transaction
(transaction_id, account_id, type, sum, details, create_date, update_date, location, from_account, to_account,
 transfer_status)
VALUES
    ('411e4567-e89b-12d3-a456-426614174001', '311e4567-e89b-12d3-a456-426614174001', 'REPLENISH', 5000.00,
     'Пополнение счета', '2023-07-01T09:15:00Z', '2023-07-01T09:15:00Z', 'Москва', '0000000000000000',
     '4081781009991000', 'DONE'),
    ('411e4567-e89b-12d3-a456-426614174002', '311e4567-e89b-12d3-a456-426614174002', 'TRANSFER', 10000.00,
     'Перевод между счетами', '2023-07-02T14:20:00Z', '2023-07-02T14:20:00Z', 'Санкт-Петербург',
     '4081781009991001', '4081781009991000', 'DONE'),
    ('411e4567-e89b-12d3-a456-426614174003', '311e4567-e89b-12d3-a456-426614174003', 'WITHDRAWAL', 2000.00,
     'Снятие наличных', '2023-07-03T11:30:00Z', '2023-07-03T11:30:00Z', 'Казань', '4081781009991002',
     '0000000000000000', 'DONE'),
    ('411e4567-e89b-12d3-a456-426614174004', '311e4567-e89b-12d3-a456-426614174004', 'REPLENISH', 15000.00,
     'Зачисление зарплаты', '2023-07-04T08:45:00Z', '2023-07-04T08:45:00Z', 'Москва', '0000000000000000',
     '4081781009991003', 'DONE'),
    ('411e4567-e89b-12d3-a456-426614174005', '311e4567-e89b-12d3-a456-426614174005', 'TRANSFER', 5000.00,
     'Оплата услуг', '2023-07-05T16:10:00Z', '2023-07-05T16:10:00Z', 'Екатеринбург', '4081781009991004',
     '4081781009991005', 'DONE'),
    ('411e4567-e89b-12d3-a456-426614174006', '311e4567-e89b-12d3-a456-426614174006', 'WITHDRAWAL', 3000.00,
     'Снятие в банкомате', '2023-07-06T13:25:00Z', '2023-07-06T13:25:00Z', 'Новосибирск', '4081781009991005',
     '0000000000000000', 'DONE'),
    ('411e4567-e89b-12d3-a456-426614174007', '311e4567-e89b-12d3-a456-426614174007', 'REPLENISH', 25000.00,
     'Перевод от контрагента', '2023-07-07T10:40:00Z', '2023-07-07T10:40:00Z', 'Москва', '0000000000000000',
     '4081781009991006', 'DONE'),
    ('411e4567-e89b-12d3-a456-426614174008', '311e4567-e89b-12d3-a456-426614174008', 'TRANSFER', 8000.00,
     'Межбанковский перевод', '2023-07-08T15:55:00Z', '2023-07-08T15:55:00Z', 'Санкт-Петербург',
     '4081781009991007', '4081781009991008', 'IN_PROGRESSING'),
    ('411e4567-e89b-12d3-a456-426614174009', '311e4567-e89b-12d3-a456-426614174009', 'WITHDRAWAL', 1000.00,
     'Оплата в магазине', '2023-07-09T12:05:00Z', '2023-07-09T12:05:00Z', 'Казань', '4081781009991008',
     '0000000000000000', 'DONE'),
    ('411e4567-e89b-12d3-a456-426614174010', '311e4567-e89b-12d3-a456-426614174010', 'REPLENISH', 12000.00,
     'Возврат средств', '2023-07-10T17:20:00Z', '2023-07-10T17:20:00Z', 'Москва', '0000000000000000',
     '4081781009991009', 'CANCELLED');