-- Вставка тестовых адресов
INSERT INTO address (id, country, city, street, house, hull, flat, post_code, update_date)
VALUES ('a1b2c3d4-5e6f-4a8b-9c0d-a1b2c3d4e5f6', 'Россия', 'Москва', 'Тверская', '10', '1', '25', '125009', NOW()),
       ('b2c3d4e5-6f7a-4b8c-9d0e-b2c3d4e5f6a7', 'Россия', 'Санкт-Петербург', 'Невский проспект', '15', '2', '30',
        '191186', NOW()),
       ('c3d4e5f6-7a8b-4c9d-0e1f-c3d4e5f6a7b8', 'Россия', 'Новосибирск', 'Красный проспект', '20', NULL, '15', '630099',
        NOW()),
       ('d4e5f6a7-8b9c-4d0e-1f2a-d4e5f6a7b8c9', 'Россия', 'Екатеринбург', 'Ленина', '5', 'А', '10', '620014', NOW()),
       ('e5f6a7b8-9c0d-4e1f-2a3b-e5f6a7b8c9d0', 'Россия', 'Казань', 'Баумана', '8', NULL, '5', '420111', NOW()),
       ('f6a7b8c9-0d1e-4f2a-3b4c-f6a7b8c9d0e1', 'Россия', 'Нижний Новгород', 'Большая Покровская', '12', 'Б', '8',
        '603005', NOW()),
       ('a7b8c9d0-1e2f-4a3b-4c5d-a7b8c9d0e1f2', 'Россия', 'Ростов-на-Дону', 'Большая Садовая', '25', NULL, '12',
        '344002', NOW()),
       ('b8c9d0e1-2f3a-4b4c-5d6e-b8c9d0e1f2a3', 'Россия', 'Краснодар', 'Красная', '30', 'В', '20', '350000', NOW()),
       ('c9d0e1f2-3a4b-4c5d-6e7f-c9d0e1f2a3b4', 'Россия', 'Владивосток', 'Светланская', '15', NULL, '7', '690091',
        NOW()),
       ('d0e1f2a3-4b5c-4d6e-7f8a-d0e1f2a3b4c5', 'Россия', 'Калининград', 'Ленинский проспект', '40', 'Г', '18',
        '236040', NOW());

-- Вставка тестовых паспортных данных
INSERT INTO passport_data (id, passport_number, issued_by, issued_date, department_code, birth_date, update_date)
VALUES ('a1b2c3d4-5e6f-4a8b-9c0d-a1b2c3d4e5f6', '4501123456', 'ОУФМС России по г. Москве', '2015-03-15', '770-001',
        '1990-01-15', NOW()),
       ('b2c3d4e5-6f7a-4b8c-9d0e-b2c3d4e5f6a7', '4501987654', 'ОУФМС России по г. Санкт-Петербургу', '2016-05-20',
        '780-002', '1992-03-22', NOW()),
       ('c3d4e5f6-7a8b-4c9d-0e1f-c3d4e5f6a7b8', '4501654321', 'ОУФМС России по г. Новосибирску', '2017-07-10',
        '540-003', '1988-07-30', NOW()),
       ('d4e5f6a7-8b9c-4d0e-1f2a-d4e5f6a7b8c9', '4501876543', 'ОУФМС России по г. Екатеринбургу', '2018-09-05',
        '660-004', '1991-11-12', NOW()),
       ('e5f6a7b8-9c0d-4e1f-2a3b-e5f6a7b8c9d0', '4501345678', 'ОУФМС России по г. Казани', '2019-01-25', '160-005',
        '1993-05-18', NOW()),
       ('f6a7b8c9-0d1e-4f2a-3b4c-f6a7b8c9d0e1', '4501567890', 'ОУФМС России по г. Нижнему Новгороду', '2020-02-14',
        '520-006', '1989-09-03', NOW()),
       ('a7b8c9d0-1e2f-4a3b-4c5d-a7b8c9d0e1f2', '4501765432', 'ОУФМС России по г. Ростову-на-Дону', '2021-04-30',
        '610-007', '1994-12-25', NOW()),
       ('b8c9d0e1-2f3a-4b4c-5d6e-b8c9d0e1f2a3', '4501123987', 'ОУФМС России по г. Краснодару', '2022-06-18', '230-008',
        '1990-08-08', NOW()),
       ('c9d0e1f2-3a4b-4c5d-6e7f-c9d0e1f2a3b4', '4501543210', 'ОУФМС России по г. Владивостоку', '2023-08-22',
        '250-009', '1992-02-14', NOW()),
       ('d0e1f2a3-4b5c-4d6e-7f8a-d0e1f2a3b4c5', '4501321098', 'ОУФМС России по г. Калининграду', '2024-10-11',
        '390-010', '1991-06-30', NOW());

-- Вставка тестовых клиентов
INSERT INTO client (id, passport_id, first_name, last_name, middle_name, create_date, update_date, mobile_phone,
                    is_verificated, address_registration_id, address_actual_id)
VALUES ('a1b2c3d4-5e6f-4a8b-9c0d-a1b2c3d4e5f6', 'a1b2c3d4-5e6f-4a8b-9c0d-a1b2c3d4e5f6', 'Иван', 'Иванов', 'Иванович',
        NOW(), NOW(), '79101234567', true, 'a1b2c3d4-5e6f-4a8b-9c0d-a1b2c3d4e5f6',
        'a1b2c3d4-5e6f-4a8b-9c0d-a1b2c3d4e5f6'),
       ('b2c3d4e5-6f7a-4b8c-9d0e-b2c3d4e5f6a7', 'b2c3d4e5-6f7a-4b8c-9d0e-b2c3d4e5f6a7', 'Петр', 'Петров', 'Петрович',
        NOW(), NOW(), '79109876543', true, 'b2c3d4e5-6f7a-4b8c-9d0e-b2c3d4e5f6a7',
        'b2c3d4e5-6f7a-4b8c-9d0e-b2c3d4e5f6a7'),
       ('c3d4e5f6-7a8b-4c9d-0e1f-c3d4e5f6a7b8', 'c3d4e5f6-7a8b-4c9d-0e1f-c3d4e5f6a7b8', 'Мария', 'Сидорова',
        'Алексеевна', NOW(), NOW(), '79105554433', true, 'c3d4e5f6-7a8b-4c9d-0e1f-c3d4e5f6a7b8',
        'c3d4e5f6-7a8b-4c9d-0e1f-c3d4e5f6a7b8'),
       ('d4e5f6a7-8b9c-4d0e-1f2a-d4e5f6a7b8c9', 'd4e5f6a7-8b9c-4d0e-1f2a-d4e5f6a7b8c9', 'Анна', 'Кузнецова',
        'Сергеевна', NOW(), NOW(), '79106667788', true, 'd4e5f6a7-8b9c-4d0e-1f2a-d4e5f6a7b8c9',
        'd4e5f6a7-8b9c-4d0e-1f2a-d4e5f6a7b8c9'),
       ('e5f6a7b8-9c0d-4e1f-2a3b-e5f6a7b8c9d0', 'e5f6a7b8-9c0d-4e1f-2a3b-e5f6a7b8c9d0', 'Алексей', 'Смирнов',
        'Дмитриевич', NOW(), NOW(), '79107778899', true, 'e5f6a7b8-9c0d-4e1f-2a3b-e5f6a7b8c9d0',
        'e5f6a7b8-9c0d-4e1f-2a3b-e5f6a7b8c9d0'),
       ('f6a7b8c9-0d1e-4f2a-3b4c-f6a7b8c9d0e1', 'f6a7b8c9-0d1e-4f2a-3b4c-f6a7b8c9d0e1', 'Елена', 'Попова',
        'Владимировна', NOW(), NOW(), '79108889900', true, 'f6a7b8c9-0d1e-4f2a-3b4c-f6a7b8c9d0e1',
        'f6a7b8c9-0d1e-4f2a-3b4c-f6a7b8c9d0e1'),
       ('a7b8c9d0-1e2f-4a3b-4c5d-a7b8c9d0e1f2', 'a7b8c9d0-1e2f-4a3b-4c5d-a7b8c9d0e1f2', 'Дмитрий', 'Васильев',
        'Олегович', NOW(), NOW(), '79109990011', true, 'a7b8c9d0-1e2f-4a3b-4c5d-a7b8c9d0e1f2',
        'a7b8c9d0-1e2f-4a3b-4c5d-a7b8c9d0e1f2'),
       ('b8c9d0e1-2f3a-4b4c-5d6e-b8c9d0e1f2a3', 'b8c9d0e1-2f3a-4b4c-5d6e-b8c9d0e1f2a3', 'Ольга', 'Морозова', 'Игоревна',
        NOW(), NOW(), '79101112233', true, 'b8c9d0e1-2f3a-4b4c-5d6e-b8c9d0e1f2a3',
        'b8c9d0e1-2f3a-4b4c-5d6e-b8c9d0e1f2a3'),
       ('c9d0e1f2-3a4b-4c5d-6e7f-c9d0e1f2a3b4', 'c9d0e1f2-3a4b-4c5d-6e7f-c9d0e1f2a3b4', 'Сергей', 'Новиков',
        'Анатольевич', NOW(), NOW(), '79102223344', true, 'c9d0e1f2-3a4b-4c5d-6e7f-c9d0e1f2a3b4',
        'c9d0e1f2-3a4b-4c5d-6e7f-c9d0e1f2a3b4'),
       ('d0e1f2a3-4b5c-4d6e-7f8a-d0e1f2a3b4c5', 'd0e1f2a3-4b5c-4d6e-7f8a-d0e1f2a3b4c5', 'Наталья', 'Федорова',
        'Павловна', NOW(), NOW(), '79103334455', true, 'd0e1f2a3-4b5c-4d6e-7f8a-d0e1f2a3b4c5',
        'd0e1f2a3-4b5c-4d6e-7f8a-d0e1f2a3b4c5');

-- Вставка тестовых профилей пользователей
INSERT INTO user_profile (id, client_id, password, is_sms_enabled, is_push_enabled, email, create_date, update_date,
                          is_email_subscription, authorization_pin, authorization_type)
VALUES ('a1b2c3d4-5e6f-4a8b-9c0d-a1b2c3d4e5f6', 'a1b2c3d4-5e6f-4a8b-9c0d-a1b2c3d4e5f6',
        '$2a$15$.KUT3qiR5kxhs3vHIINg..csk1xfnBZfh2L0WLz/9ccfco9rN7tLi', true, false, 'ivanov@example.com', NOW(), NOW(),
        true, '1234', 'PIN'),
       ('b2c3d4e5-6f7a-4b8c-9d0e-b2c3d4e5f6a7', 'b2c3d4e5-6f7a-4b8c-9d0e-b2c3d4e5f6a7',
        '$2a$15$ZGDvgGah9LDA7CUG1ez/K.U1swztYpJXdAaIRdnRunIcx.tOIPWWu', false, true, 'petrov@example.com', NOW(), NOW(),
        false, '5678', 'LOGIN'),
       ('c3d4e5f6-7a8b-4c9d-0e1f-c3d4e5f6a7b8', 'c3d4e5f6-7a8b-4c9d-0e1f-c3d4e5f6a7b8',
        '$2a$10$t6K8m0bY1cX2dW4eZ9jEeQg3oP5rS7u9x1zCdEfGhIjKl3NpQsR', true, true, 'sidorova@example.com', NOW(), NOW(),
        true, '9012', 'PIN'),
       ('d4e5f6a7-8b9c-4d0e-1f2a-d4e5f6a7b8c9', 'd4e5f6a7-8b9c-4d0e-1f2a-d4e5f6a7b8c9',
        '$2a$10$u7L9n1cZ2dY3eW5f0kFfRh4pQ6sT8v0y2zDeFgHiJkL4OqRsT', false, false, 'kuznetsova@example.com', NOW(),
        NOW(), false, '3456', 'LOGIN'),
       ('e5f6a7b8-9c0d-4e1f-2a3b-e5f6a7b8c9d0', 'e5f6a7b8-9c0d-4e1f-2a3b-e5f6a7b8c9d0',
        '$2a$10$v8M0o2dA3eZ4fW6g1lGgSi5rR7tU9w1z3zEfGhIjKl5PrStU', true, false, 'smirnov@example.com', NOW(), NOW(),
        true, '7890', 'PIN'),
       ('f6a7b8c9-0d1e-4f2a-3b4c-f6a7b8c9d0e1', 'f6a7b8c9-0d1e-4f2a-3b4c-f6a7b8c9d0e1',
        '$2a$10$w9N1p3eB4fA5gX7h2mHhTj6sS8uV0x2z4zFgHiJkL6QsTuV', false, true, 'popova@example.com', NOW(), NOW(),
        false, '2345', 'LOGIN'),
       ('a7b8c9d0-1e2f-4a3b-4c5d-a7b8c9d0e1f2', 'a7b8c9d0-1e2f-4a3b-4c5d-a7b8c9d0e1f2',
        '$2a$10$x0O2q4fC5gB6hY8i3nIiUk7tT9vW1y3z5zGhIjKl7RtUvW', true, true, 'vasiliev@example.com', NOW(), NOW(), true,
        '6789', 'PIN'),
       ('b8c9d0e1-2f3a-4b4c-5d6e-b8c9d0e1f2a3', 'b8c9d0e1-2f3a-4b4c-5d6e-b8c9d0e1f2a3',
        '$2a$10$y1P3r5gD6hC7iZ9j4oJjVl8uU0wX2z4z6zHiJkL8SuWxX', false, false, 'morozova@example.com', NOW(), NOW(),
        false, '0123', 'LOGIN'),
       ('c9d0e1f2-3a4b-4c5d-6e7f-c9d0e1f2a3b4', 'c9d0e1f2-3a4b-4c5d-6e7f-c9d0e1f2a3b4',
        '$2a$10$z2Q4s6hE7iD8jA0k5pKkWm9vV1xY3z5z7zIjKl9TvXyY', true, false, 'novikov@example.com', NOW(), NOW(), true,
        '4567', 'PIN'),
       ('d0e1f2a3-4b5c-4d6e-7f8a-d0e1f2a3b4c5', 'd0e1f2a3-4b5c-4d6e-7f8a-d0e1f2a3b4c5',
        '$2a$10$a3R5t7iF8jE9kBl6qLlXn0wW2yZ4z6z8zJkL0UwYzZ', false, true, 'fedorova@example.com', NOW(), NOW(), false,
        '8901', 'LOGIN');